date,start,end,journey,charge,credit,balance,note
2017-11-22,16:36,16:53,Embankment to Marylebone,2.4,,,Contactless
2017-11-22,12:33,12:52,Marylebone to Temple,2.4,,,Contactless
2017-11-15,16:44,16:56,High Street Kensington to Edgware Road,2.4,,,Contactless
2017-11-15,09:24,09:35,Edgware Road to High Street Kensington,2.4,,,Contactless
2017-10-25,20:59,21:15,Victoria to Marylebone,2.4,,,Contactless
2017-10-25,17:55,18:17,Paddington to Victoria,2.4,,,Contactless
2017-10-12,20:57,21:08,Kings Cross St Pancras to Baker Street,2.4,,,Contactless
2017-10-12,18:03,18:23,Paddington to Euston Square,2.4,,,Contactless
2017-10-09,15:54,16:01,Paddington to Marylebone,1.6,,20.35,
2017-10-09,08:47,08:54,Marylebone to Paddington,2.4,,21.95,
2017-10-05,20:33,20:50,Moorgate to Baker Street,1.6,,24.35,
2017-10-05,17:59,18:23,Paddington to Barbican,2.4,,25.95,
2017-09-21,20:02,20:13,Oxford Circus to Marylebone,1.6,,28.35,
2017-09-21,20:02,,"Auto top-up, Oxford Circus",,20,29.95,
2017-09-21,18:19,18:35,Paddington to Oxford Circus,2.4,,9.95,
2017-09-05,12:55,13:16,Temple to Earls Court,1.6,,12.35,
2017-09-05,10:37,10:56,Earls Court to Temple,1.6,,13.95,
2017-09-03,21:54,22:16,Edgware Road to Earls Court,1.6,,15.55,
2017-08-31,20:53,21:08,Shepherd's Bush Market to Edgware Road,1.3,,17.15,The fare for this journey was capped as you reached the daily charging limit for the zones used
2017-08-31,17:53,18:04,Paddington to Shepherd's Bush Market,2.9,,18.45,
2017-08-31,08:25,08:51,Earls Court to Paddington,2.4,,21.35,
2017-08-30,20:46,21:03,Piccadilly Circus to Earls Court,1.6,,23.75,
2017-08-30,18:06,18:21,Paddington to Piccadilly Circus,2.4,,25.35,
2017-08-30,18:06,,"Auto top-up, Paddington",,20,27.75,
2017-08-30,08:24,08:36,Earls Court to Paddington,2.4,,7.75,
2017-08-29,17:22,17:37,Paddington to Earls Court,2.4,,10.15,
2017-08-29,08:24,08:41,Earls Court to Paddington,2.4,,12.55,
2017-08-28,21:26,21:47,Edgware Road to Earls Court,1.6,,14.95,
2017-08-25,14:13,14:29,Earls Court to Edgware Road,1.6,,16.55,
2017-08-23,20:15,20:28,Paddington to Earls Court,1.6,,18.15,
2017-08-23,08:34,08:48,Earls Court to Paddington,2.4,,19.75,
2017-08-22,20:28,20:47,Paddington to Earls Court,1.6,,22.15,
2017-08-22,08:24,08:37,Earls Court to Paddington,2.4,,23.75,
2017-08-21,17:23,17:36,Paddington to Earls Court,2.4,,26.15,
2017-08-21,17:23,,"Auto top-up, Paddington",,20,28.55,
2017-08-21,08:23,08:36,Earls Court to Paddington,2.4,,8.55,
2017-08-20,21:57,22:18,Edgware Road to Earls Court,1.6,,10.95,
2017-08-18,20:43,21:00,Earls Court to Edgware Road,1.6,,12.55,
2017-08-17,17:23,17:37,Paddington to Earls Court,2.4,,14.15,
2017-08-17,08:34,08:49,Earls Court to Paddington,2.4,,16.55,
2017-08-16,20:58,21:30,Old Street to Earls Court,1.6,,18.95,
2017-08-16,17:53,18:20,Paddington to Old Street,2.4,,20.55,
2017-08-16,08:23,08:37,Earls Court to Paddington,2.4,,22.95,
2017-08-14,17:54,18:11,Paddington to Earls Court,2.4,,25.35,
2017-08-14,17:54,,"Auto top-up, Paddington",,20,27.75,
2017-08-14,08:23,08:41,Earls Court to Paddington,2.4,,7.75,
2017-08-13,20:24,20:57,Edgware Road to Earls Court,1.6,,10.15,
2017-08-11,20:16,20:30,Earls Court to Edgware Road,1.6,,11.75,
2017-08-10,19:14,19:26,Paddington to Earls Court,1.6,,13.35,
2017-08-10,08:24,08:40,Earls Court to Paddington,2.4,,14.95,
2017-08-09,19:43,19:58,Paddington to Earls Court,1.6,,17.35,
2017-08-09,08:13,08:27,Earls Court to Paddington,2.4,,18.95,
2017-08-08,20:12,20:29,Paddington to Earls Court,1.6,,21.35,
2017-08-08,08:24,08:43,Earls Court to Paddington,2.4,,22.95,
2017-08-07,19:53,20:08,Paddington to Earls Court,1.6,,25.35,
2017-08-07,08:24,08:39,Earls Court to Paddington,2.4,,26.95,
2017-08-07,08:24,,"Auto top-up, Earls Court",,20,29.35,
2017-08-06,18:59,19:16,Edgware Road to Earls Court,1.6,,9.35,
2017-08-03,08:24,08:35,Earls Court to Paddington,2.4,,10.95,
2017-08-01,20:01,20:17,Paddington to Earls Court,1.6,,13.35,
2017-08-01,08:24,08:36,Earls Court to Paddington,2.4,,14.95,
2017-07-31,17:11,17:27,Paddington to Earls Court,2.4,,17.35,
2017-07-31,08:31,08:52,Earls Court to Paddington,2.4,,19.75,
2017-07-30,20:43,20:57,Edgware Road to Earls Court,1.6,,22.15,
2017-07-28,19:12,19:28,Earls Court to Edgware Road,1.6,,23.75,
2017-07-27,17:02,17:17,Paddington to Earls Court,2.4,,25.35,
2017-07-27,17:02,,"Auto top-up, Paddington",,20,27.75,
2017-07-27,08:24,08:34,Earls Court to Paddington,2.4,,7.75,
2017-07-26,20:00,20:17,Paddington to Earls Court,1.6,,10.15,
2017-07-26,08:25,08:39,Earls Court to Paddington,2.4,,11.75,
2017-07-25,17:43,18:10,Paddington to Earls Court,2.4,,14.15,
2017-07-25,08:25,08:44,Earls Court to Paddington,2.4,,16.55,
2017-07-24,13:29,13:56,Edgware Road to Earls Court,1.6,,18.95,
2017-07-21,21:53,22:09,Vauxhall to Marylebone,1.45,,20.55,The fare for this journey was capped as you reached the daily charging limit for the zones used
2017-07-21,17:29,17:58,Earls Court to Oval,2.9,,22,
2017-07-20,18:39,19:02,Paddington to Earls Court,2.4,,24.9,
2017-07-20,08:22,08:37,Earls Court to Paddington,2.4,,27.3,
2017-07-20,08:22,,"Auto top-up, Earls Court",,20,29.7,
2017-07-19,22:05,22:24,Vauxhall to Earls Court,1.3,,9.7,The fare for this journey was capped as you reached the daily charging limit for the zones used
2017-07-19,17:20,17:53,Paddington to Oval,2.9,,11,
2017-07-19,08:24,08:39,Earls Court to Paddington,2.4,,13.9,
2017-07-18,20:31,21:03,Angel to Earls Court,1.25,,16.3,The fare for this journey was capped as you reached the daily charging limit for the zones used
2017-07-18,17:32,,"Bus journey, route 341",1.5,,17.55,
2017-07-18,12:49,13:08,Earls Court to Temple,1.6,,19.05,
2017-07-17,21:21,21:48,Marylebone to Earls Court,1.6,,20.65,
2017-07-14,21:49,22:07,Vauxhall to Marylebone,1.45,,22.25,The fare for this journey was capped as you reached the daily charging limit for the zones used
2017-07-14,17:32,18:00,Earls Court to Oval,2.9,,23.7,
2017-07-13,17:32,17:47,Paddington to Earls Court,2.4,,26.6,
2017-07-13,17:32,,"Auto top-up, Paddington",,20,29,
2017-07-13,08:26,08:38,Earls Court to Paddington,2.4,,9,
2017-07-11,21:39,21:52,Green Park to Earls Court,1.6,,11.4,
2017-07-11,17:50,,"Bus journey, route 6",1.5,,13,
2017-07-11,08:25,08:47,Earls Court to Paddington,2.4,,14.5,
2017-07-09,19:32,19:53,Vauxhall to Earls Court,1.15,,16.9,The fare for this journey was capped as you reached the daily charging limit for the zones used
2017-07-09,13:46,14:06,Earls Court to Vauxhall,1.6,,18.05,
2017-07-09,12:43,13:00,Edgware Road to Earls Court,1.6,,19.65,
2017-07-08,09:42,09:58,Earls Court to Edgware Road,1.6,,21.25,
2017-07-07,21:36,21:54,Temple to Earls Court,1.6,,22.85,
2017-07-07,14:35,14:56,Earls Court to Covent Garden,1.6,,24.45,
2017-07-06,19:22,19:37,Paddington to Earls Court,1.6,,26.05,
2017-07-06,19:22,,"Auto top-up, Paddington",,20,27.65,
2017-07-06,08:25,08:37,Earls Court to Paddington,2.4,,7.65,
2017-07-05,19:32,19:51,Paddington to Earls Court,1.6,,10.05,
2017-07-05,08:34,08:52,Earls Court to Paddington,2.4,,11.65,
2017-07-04,21:14,21:46,Monument to Earls Court,1.6,,14.05,
2017-07-04,17:52,18:22,Paddington to Bank,2.4,,15.65,
2017-07-04,08:14,08:28,Earls Court to Paddington,2.4,,18.05,
2017-07-03,18:45,19:02,Vauxhall to Earls Court,2.4,,20.45,
2017-07-03,08:56,09:15,Earls Court to Vauxhall,2.4,,22.85,
2017-07-02,21:51,22:09,Edgware Road to Earls Court,1.6,,25.25,
2017-07-01,19:37,20:07,Earls Court to Marylebone,1.15,,26.85,The fare for this journey was capped as you reached the daily charging limit for the zones used
2017-07-01,14:39,14:59,Embankment to Earls Court,1.6,,28,
2017-07-01,14:39,,"Auto top-up, Embankment",,20,29.6,
2017-07-01,12:06,12:30,Earls Court to Embankment,1.6,,9.6,
2017-06-29,17:22,17:35,Paddington to Earls Court,2.4,,11.2,
2017-06-29,08:24,08:35,Earls Court to Paddington,2.4,,13.6,
2017-06-28,17:41,17:58,Paddington to Earls Court,2.4,,16,
2017-06-28,08:23,08:36,Earls Court to Paddington,2.4,,18.4,
2017-06-27,17:35,17:49,Paddington to Earls Court,2.4,,20.8,
2017-06-27,08:19,08:39,Earls Court to Paddington,2.4,,23.2,
2017-06-26,21:59,22:14,Edgware Road to Earls Court,1.6,,25.6,
2017-06-23,18:48,19:03,Embankment to Marylebone,2.4,,27.2,
2017-06-23,18:48,,"Auto top-up, Embankment",,20,29.6,
2017-06-23,10:12,10:27,Earls Court to Temple,1.6,,9.6,
2017-06-22,17:23,17:36,Paddington to Earls Court,2.4,,11.2,
2017-06-22,08:42,09:00,Earls Court to Paddington,2.4,,13.6,
2017-06-21,23:02,23:08,South Kensington to Earls Court,0.2,,16,The fare for this journey was capped as you reached the daily charging limit for the zones used
2017-06-21,20:50,21:18,Old Street to South Kensington,1.6,,16.2,
2017-06-21,18:08,18:39,Paddington to Old Street,2.4,,17.8,
2017-06-21,08:32,08:58,Earls Court to Paddington,2.4,,20.2,
2017-06-20,20:36,21:13,Old Street to Earls Court,1.6,,22.6,
2017-06-20,17:55,18:20,Paddington to Moorgate,2.4,,24.2,
2017-06-20,08:33,08:45,Earls Court to Paddington,2.4,,26.6,
2017-06-20,08:33,,"Auto top-up, Earls Court",,20,29,
2017-06-18,20:44,20:54,Hammersmith to Earls Court,1,,9,
2017-06-18,18:13,18:21,Earls Court to Hammersmith,1,,10,
2017-06-18,17:02,17:33,Edgware Road to Earls Court,1.6,,11,
2017-06-15,09:32,09:44,Earls Court to Paddington,1.6,,12.6,
2017-06-14,20:53,21:03,Hammersmith to Earls Court,1,,14.2,
2017-06-14,18:48,19:16,Paddington to Hammersmith,2.9,,15.2,
2017-06-14,08:33,08:48,Earls Court to Paddington,2.4,,18.1,
2017-06-13,15:35,15:46,Paddington to Earls Court,1.6,,20.5,
2017-06-13,08:32,08:47,Earls Court to Paddington,2.4,,22.1,
2017-06-12,20:43,20:53,Hammersmith to Earls Court,0.25,,24.5,The fare for this journey was capped as you reached the daily charging limit for the zones used
2017-06-12,18:17,18:26,Earls Court to Hammersmith,1.7,,24.75,
2017-06-12,16:43,16:56,Edgware Road to Earls Court,2.4,,26.45,
2017-06-12,16:43,,"Auto top-up, Edgware Road",,20,28.85,
2017-06-10,18:34,18:47,Earls Court to Edgware Road,1.6,,8.85,
2017-06-09,23:56,,"Bus journey, route 74",1.5,,10.45,
2017-06-09,20:34,20:55,Earls Court to Baker Street,1.6,,11.95,
2017-06-08,23:38,23:45,South Kensington to Earls Court,0.2,,13.55,The fare for this journey was capped as you reached the daily charging limit for the zones used
2017-06-08,20:39,20:49,Earls Court to South Kensington,1.6,,13.75,
2017-06-08,17:24,17:36,Paddington to Earls Court,2.4,,15.35,
2017-06-08,08:36,08:48,Earls Court to Paddington,2.4,,17.75,
2017-06-07,20:02,20:11,Hammersmith to Earls Court,1,,20.15,
2017-06-07,17:34,17:46,Paddington to Goldhawk Road,2.9,,21.15,
2017-06-07,08:37,08:48,Earls Court to Paddington,2.4,,24.05,
2017-06-06,17:26,17:48,Paddington to Earls Court,2.4,,26.45,
2017-06-06,17:26,,"Auto top-up, Paddington",,20,28.85,
2017-06-06,08:39,08:52,Earls Court to Paddington,2.4,,8.85,
2017-06-05,17:24,17:47,Edgware Road to Earls Court,2.4,,11.25,
2017-06-03,18:04,18:28,Goldhawk Road to Edgware Road,1.6,,13.65,
2017-06-03,15:43,15:51,Earls Court to Hammersmith,1,,15.25,
2017-06-02,20:55,21:05,Hammersmith to Earls Court,1,,16.25,
2017-06-02,18:12,18:20,Earls Court to Hammersmith,1.7,,17.25,
2017-05-31,20:09,20:27,Temple to Earls Court,1.6,,18.95,
2017-05-31,09:53,10:12,Earls Court to Temple,1.6,,20.55,
2017-05-30,20:30,20:49,Temple to Earls Court,1.6,,22.15,
2017-05-30,10:00,10:19,Earls Court to Temple,1.6,,23.75,
2017-05-29,16:44,17:06,Edgware Road to Earls Court,1.6,,25.35,
2017-05-28,18:30,18:48,Earls Court to Edgware Road,1.15,,26.95,The fare for this journey was capped as you reached the daily charging limit for the zones used
2017-05-28,17:08,17:29,Oxford Circus to Earls Court,1.6,,28.1,
2017-05-28,17:08,,"Auto top-up, Oxford Circus",,20,29.7,
2017-05-28,15:22,15:42,Earls Court to Oxford Circus,1.6,,9.7,
2017-05-24,20:51,21:01,Hammersmith to Earls Court,0.25,,11.3,The fare for this journey was capped as you reached the daily charging limit for the zones used
2017-05-24,18:16,18:24,Earls Court to Hammersmith,1.7,,11.55,
2017-05-24,17:39,17:55,Edgware Road to Earls Court,2.4,,13.25,
2017-05-23,10:16,10:39,Earls Court to Edgware Road,1.6,,15.65,
2017-05-21,20:57,21:17,Temple to Earls Court,1.6,,17.25,
2017-05-21,09:31,09:49,Earls Court to Temple,1.6,,18.85,
2017-05-18,21:24,21:40,Temple to Earls Court,1.6,,20.45,
2017-05-18,10:08,10:26,Earls Court to Temple,1.6,,22.05,
2017-05-17,22:02,22:21,Waterloo to Earls Court,1.6,,23.65,
2017-05-17,20:12,20:32,Earls Court to Waterloo,1.6,,25.25,
2017-05-13,21:48,21:57,Hammersmith to Earls Court,1,,26.85,
2017-05-13,19:14,19:25,Earls Court to Hammersmith,1,,27.85,
2017-05-12,21:40,21:48,Hammersmith to Earls Court,0,,28.85,The fare for this journey was capped as you reached the daily charging limit for the zones used
2017-05-12,21:40,,"Auto top-up, Hammersmith",,20,28.85,
2017-05-12,18:53,19:17,Temple to Hammersmith,2.75,,8.85,The fare for this journey was capped as you reached the daily charging limit for the zones used
2017-05-12,09:36,09:56,Earls Court to Temple,1.6,,11.6,
2017-05-11,19:37,19:56,Paddington to Earls Court,1.6,,13.2,
2017-05-11,08:28,08:51,Earls Court to Paddington,2.4,,14.8,
2017-05-10,21:08,21:23,Embankment to Earls Court,1.6,,17.2,
2017-05-10,10:32,10:49,Earls Court to Temple,1.6,,18.8,
2017-05-09,22:08,22:22,Embankment to Earls Court,1.6,,20.4,
2017-05-09,20:06,20:28,Earls Court to Waterloo,1.6,,22,
2017-05-08,22:27,22:37,Edgware Road to Earls Court,1.6,,23.6,
2017-05-07,12:10,12:30,Earls Court to Edgware Road,1.6,,25.2,
2017-05-06,22:01,22:08,Hammersmith to Earls Court,1,,26.8,
2017-05-06,19:13,19:21,Earls Court to Hammersmith,1,,27.8,
2017-05-05,21:45,21:53,Hammersmith to Earls Court,0,,28.8,The fare for this journey was capped as you reached the daily charging limit for the zones used
2017-05-05,21:45,,"Auto top-up, Hammersmith",,20,28.8,
2017-05-05,18:48,19:19,Temple to Hammersmith,2.75,,8.8,The fare for this journey was capped as you reached the daily charging limit for the zones used
2017-05-05,11:27,11:46,Earls Court to Temple,1.6,,11.55,
2017-05-04,22:02,22:20,Embankment to Earls Court,1.6,,13.15,
2017-05-04,10:53,11:09,Earls Court to Temple,1.6,,14.75,
2017-05-03,19:07,19:26,Paddington to Earls Court,1.6,,16.35,
2017-05-03,08:22,08:37,Earls Court to Paddington,2.4,,17.95,
2017-05-02,19:03,19:23,Temple to Earls Court,1.6,,20.35,
2017-05-02,09:27,09:46,Earls Court to Temple,1.6,,21.95,
2017-05-01,21:57,22:17,Edgware Road to Earls Court,1.6,,23.55,
2017-04-30,12:11,12:40,Earls Court to Marylebone,1.6,,25.15,
2017-04-29,21:15,21:22,Hammersmith to Earls Court,0.15,,26.75,The fare for this journey was capped as you reached the daily charging limit for the zones used
2017-04-29,18:42,18:52,Earls Court to Hammersmith,1,,26.9,
2017-04-29,14:26,14:49,Waterloo to Earls Court,1.6,,27.9,
2017-04-29,14:26,,"Auto top-up, Waterloo",,20,29.5,
2017-04-29,12:18,12:33,Earls Court to Embankment,1.6,,9.5,
2017-04-28,21:07,21:15,Hammersmith to Earls Court,1,,11.1,
2017-04-28,18:21,18:32,Earls Court to Hammersmith,1.7,,12.1,
2017-04-27,18:53,19:10,Paddington to Earls Court,2.4,,13.8,
2017-04-27,08:38,08:51,Earls Court to Paddington,2.4,,16.2,
2017-04-26,20:01,20:17,Paddington to Earls Court,1.6,,18.6,
2017-04-26,08:27,08:46,Earls Court to Paddington,2.4,,20.2,
2017-04-24,16:07,16:29,Vauxhall to Earls Court,2.1,,22.6,
2017-04-24,14:27,14:44,Earls Court to Vauxhall,1.6,,24.7,
2017-04-23,20:07,20:14,Hammersmith to Earls Court,1,,26.3,
2017-04-23,17:17,17:28,Earls Court to Hammersmith,1,,27.3,
2017-04-23,15:27,15:47,Edgware Road to Earls Court,1.6,,28.3,
2017-04-23,15:27,,"Auto top-up, Edgware Road",,20,29.9,
2017-04-22,10:43,10:59,Earls Court to Edgware Road,1.6,,9.9,
2017-04-21,21:20,21:30,Hammersmith to Earls Court,1,,11.5,
2017-04-21,18:44,18:52,Earls Court to Hammersmith,1.7,,12.5,
2017-04-20,17:37,17:56,Paddington to Earls Court,2.4,,14.2,
2017-04-20,08:38,08:57,Earls Court to Paddington,2.4,,16.6,
2017-04-17,22:48,23:07,Edgware Road to Earls Court,1.6,,19,
2017-04-17,08:25,08:38,Earls Court to Edgware Road,1.6,,20.6,
2017-04-16,19:44,19:53,Hammersmith to Earls Court,1,,22.2,
2017-04-16,17:10,17:18,Earls Court to Hammersmith,1,,23.2,
2017-04-14,20:29,20:36,Hammersmith to Earls Court,1,,24.2,
2017-04-14,17:39,17:48,Earls Court to Hammersmith,1,,25.2,
2017-04-12,17:57,18:08,Paddington to Earls Court,2.4,,26.2,
2017-04-12,17:57,,"Auto top-up, Paddington",,20,28.6,
2017-04-12,08:35,08:56,Earls Court to Paddington,2.4,,8.6,
2017-04-11,17:53,18:08,Edgware Road to Earls Court,2.4,,11,
2017-04-09,20:12,20:29,Earls Court to Edgware Road,1.6,,13.4,
2017-04-07,21:26,21:34,Hammersmith to Earls Court,0,,15,The fare for this journey was capped as you reached the daily charging limit for the zones used
2017-04-07,18:19,18:41,Chancery Lane to Shepherd's Bush,2.75,,15,The fare for this journey was capped as you reached the daily charging limit for the zones used
2017-04-07,11:35,11:53,Earls Court to Temple,1.6,,17.75,
2017-04-05,20:38,21:00,Paddington to Earls Court,1.6,,19.35,
2017-04-05,08:34,08:49,Earls Court to Paddington,2.4,,20.95,
2017-04-04,19:14,19:37,Temple to Earls Court,1.6,,23.35,
2017-04-04,10:59,11:20,Earls Court to Temple,1.6,,24.95,
2017-04-03,15:58,16:16,Vauxhall to Earls Court,1.15,,26.55,The fare for this journey was capped as you reached the daily charging limit for the zones used
2017-04-03,14:23,14:44,Earls Court to Oval,1.6,,27.7,
2017-04-03,14:23,,"Auto top-up, Earls Court",,20,29.3,
2017-04-03,12:49,13:12,Marylebone to Earls Court,1.6,,9.3,
2017-04-01,20:10,20:38,Earls Court to Marylebone,1.6,,10.9,
2017-03-31,17:37,17:58,Paddington to Earls Court,2.4,,12.5,
2017-03-31,08:30,08:44,Earls Court to Paddington,2.4,,14.9,
2017-03-30,21:27,21:51,London Bridge to Earls Court,1.6,,17.3,
2017-03-30,18:41,19:04,Earls Court to London Bridge,2.4,,18.9,
2017-03-29,21:05,21:13,Hammersmith to Earls Court,1,,21.3,
2017-03-29,18:08,18:33,Paddington to Hammersmith,2.9,,22.3,
2017-03-29,08:47,09:12,Earls Court to Paddington,2.4,,25.2,
2017-03-28,21:11,21:34,Waterloo to Earls Court,1.6,,27.6,
2017-03-28,21:11,,"Auto top-up, Waterloo",,20,29.2,
2017-03-28,08:44,09:06,Earls Court to Temple,2.4,,9.2,
2017-03-27,20:58,21:18,Blackfriars to Earls Court,1.6,,11.6,
2017-03-27,08:34,08:54,Earls Court to Temple,2.4,,13.2,
2017-03-26,21:48,22:12,Marylebone to Earls Court,1.6,,15.6,
2017-03-26,10:14,10:41,Earls Court to Edgware Road,1.6,,17.2,
2017-03-24,20:31,20:40,Hammersmith to Earls Court,0,,18.8,The fare for this journey was capped as you reached the daily charging limit for the zones used
2017-03-24,17:27,17:52,Temple to Hammersmith,2.75,,18.8,The fare for this journey was capped as you reached the daily charging limit for the zones used
2017-03-24,11:37,11:54,Earls Court to Temple,1.6,,21.55,
2017-03-23,21:37,21:57,Piccadilly Circus to Earls Court,0.35,,23.15,The fare for this journey was capped as you reached the daily charging limit for the zones used
2017-03-23,18:44,18:50,Holborn to Oxford Circus,2.4,,23.5,
2017-03-23,09:35,09:54,Earls Court to Temple,1.6,,25.9,
2017-03-22,18:12,18:36,Paddington to Earls Court,2.4,,27.5,
2017-03-22,18:12,,"Auto top-up, Paddington",,20,29.9,
2017-03-22,08:33,08:49,Earls Court to Paddington,2.4,,9.9,
2017-03-19,21:44,21:52,Hammersmith to Earls Court,0.15,,12.3,The fare for this journey was capped as you reached the daily charging limit for the zones used
2017-03-19,19:15,19:23,Earls Court to Hammersmith,1,,12.45,
2017-03-19,17:53,18:21,Marylebone to Earls Court,1.6,,13.45,
2017-03-19,10:10,10:29,Earls Court to Edgware Road,1.6,,15.05,
2017-03-18,16:28,16:46,Oxford Circus to Earls Court,1.6,,16.65,
2017-03-18,12:44,13:03,Earls Court to Piccadilly Circus,1.6,,18.25,
2017-03-17,20:31,20:39,Hammersmith to Earls Court,0,,19.85,The fare for this journey was capped as you reached the daily charging limit for the zones used
2017-03-17,17:36,18:02,Temple to Hammersmith,2.75,,19.85,The fare for this journey was capped as you reached the daily charging limit for the zones used
2017-03-17,11:36,11:57,Earls Court to Temple,1.6,,22.6,
2017-03-16,21:55,22:16,Temple to Earls Court,1.6,,24.2,
2017-03-16,08:31,08:50,Earls Court to Temple,2.4,,25.8,
2017-03-15,19:00,19:18,Paddington to Earls Court,1.6,,28.2,
2017-03-15,19:00,,"Auto top-up, Paddington",,20,29.8,
2017-03-15,08:30,08:46,Earls Court to Paddington,2.4,,9.8,
2017-03-14,20:00,20:23,Paddington to Earls Court,1.6,,12.2,
2017-03-14,16:05,16:24,Embankment to Paddington,2.4,,13.8,
2017-03-14,08:31,08:54,Earls Court to Temple,2.4,,16.2,
2017-03-13,12:23,12:52,Marylebone to Earls Court,1.6,,18.6,
2017-03-12,20:19,20:35,Embankment to Marylebone,1.6,,20.2,
2017-03-12,10:47,11:03,Earls Court to Temple,1.6,,21.8,
2017-03-11,20:21,20:29,Hammersmith to Earls Court,1,,23.4,
2017-03-11,17:18,17:42,Temple to Hammersmith,1.6,,24.4,
2017-03-11,10:51,11:11,Earls Court to Temple,1.6,,26,
2017-03-10,21:48,21:55,Hammersmith to Earls Court,0,,27.6,The fare for this journey was capped as you reached the daily charging limit for the zones used
2017-03-10,21:48,,"Auto top-up, Hammersmith",,20,27.6,
2017-03-10,18:29,18:56,Temple to Hammersmith,2.75,,7.6,The fare for this journey was capped as you reached the daily charging limit for the zones used
2017-03-10,10:23,10:41,Earls Court to Temple,1.6,,10.35,
2017-03-09,22:17,22:38,Temple to Earls Court,1.6,,11.95,
2017-03-09,09:33,09:50,Earls Court to Temple,1.6,,13.55,
2017-03-08,19:45,19:56,Paddington to Earls Court,1.6,,15.15,
2017-03-08,08:24,08:38,Earls Court to Paddington,2.4,,16.75,
2017-03-07,22:01,22:20,Temple to Earls Court,1.6,,19.15,
2017-03-07,08:37,09:07,Earls Court to Temple,2.4,,20.75,
2017-03-06,22:05,22:20,Temple to Earls Court,1.15,,23.15,The fare for this journey was capped as you reached the daily charging limit for the zones used
2017-03-06,15:09,15:34,Earls Court to Temple,1.6,,24.3,
2017-03-06,13:30,13:53,Edgware Road to Earls Court,1.6,,25.9,
2017-03-05,19:12,19:36,Earls Court to Marylebone,1.6,,27.5,
2017-03-05,19:12,,"Auto top-up, Earls Court",,20,29.1,
2017-03-04,21:51,22:08,Embankment to Earls Court,1.6,,9.1,
2017-03-04,12:23,12:39,Earls Court to Embankment,1.6,,10.7,
2017-03-03,21:58,22:07,Hammersmith to Earls Court,1,,12.3,
2017-03-03,18:58,19:32,Temple to Hammersmith,1.6,,13.3,
2017-03-03,10:50,11:08,Earls Court to Temple,1.6,,14.9,
2017-03-02,21:06,21:30,Temple to Earls Court,1.6,,16.5,
2017-03-02,11:36,11:53,Earls Court to Temple,1.6,,18.1,
2017-03-01,20:34,20:44,Hammersmith to Earls Court,1,,19.7,
2017-03-01,17:47,18:05,Paddington to Goldhawk Road,2.9,,20.7,
2017-03-01,08:35,08:47,Earls Court to Paddington,2.4,,23.6,
2017-02-28,14:09,14:28,Temple to Earls Court,1.6,,26,
2017-02-28,09:28,09:47,Earls Court to Temple,1.6,,27.6,
2017-02-28,09:28,,"Auto top-up, Earls Court",,20,29.2,
2017-02-27,19:33,20:01,Temple to Earls Court,1.6,,9.2,
2017-02-27,08:35,08:59,Earls Court to Temple,2.4,,10.8,
2017-02-25,21:19,21:32,Hammersmith to Earls Court,1,,13.2,
2017-02-25,18:43,18:52,Earls Court to Hammersmith,1,,14.2,
2017-02-25,16:38,17:06,Marylebone to Earls Court,1.6,,15.2,
2017-02-24,21:00,21:17,Goldhawk Road to Edgware Road,0,,16.8,The fare for this journey was capped as you reached the daily charging limit for the zones used
2017-02-24,17:37,18:08,Temple to Hammersmith,2.75,,16.8,The fare for this journey was capped as you reached the daily charging limit for the zones used
2017-02-24,11:35,11:51,Earls Court to Temple,1.6,,19.55,
2017-02-23,20:56,21:15,Temple to Earls Court,1.6,,21.15,
2017-02-23,08:38,08:59,Earls Court to Temple,2.4,,22.75,
2017-02-22,18:11,18:32,Paddington to Earls Court,2.4,,25.15,
2017-02-22,08:39,09:01,Earls Court to Paddington,2.4,,27.55,
2017-02-22,08:39,,"Auto top-up, Earls Court",,20,29.95,
2017-02-21,21:13,21:20,Hammersmith to Earls Court,1,,9.95,
2017-02-21,18:02,18:26,Temple to Hammersmith,2.9,,10.95,
2017-02-21,08:35,08:55,Earls Court to Temple,2.4,,13.85,
2017-02-19,21:19,21:42,Marylebone to Earls Court,1.6,,16.25,
2017-02-19,10:11,10:28,Earls Court to Edgware Road,1.6,,17.85,
2017-02-17,20:15,20:29,Hammersmith to Earls Court,0,,19.45,The fare for this journey was capped as you reached the daily charging limit for the zones used
2017-02-17,17:21,17:48,Temple to Hammersmith,2.75,,19.45,The fare for this journey was capped as you reached the daily charging limit for the zones used
2017-02-17,11:35,11:51,Earls Court to Temple,1.6,,22.2,
2017-02-16,20:57,21:14,Temple to Earls Court,1.6,,23.8,
2017-02-16,08:49,09:08,Earls Court to Temple,2.4,,25.4,
2017-02-16,08:49,,"Auto top-up, Earls Court",,20,27.8,
2017-02-15,17:43,17:58,Paddington to Earls Court,2.4,,7.8,
2017-02-15,08:01,08:16,Earls Court to Paddington,2.4,,10.2,
2017-02-14,15:36,16:01,Kennington to Earls Court,1.6,,12.6,
2017-02-14,14:23,,"Bus journey, route 59",1.5,,14.2,
2017-02-14,08:42,09:06,Earls Court to Temple,2.4,,15.7,
2017-02-13,19:38,20:01,Embankment to Earls Court,1.6,,18.1,
2017-02-13,08:30,08:53,Earls Court to Temple,2.4,,19.7,
2017-02-12,21:23,21:56,Marylebone to Earls Court,1.6,,22.1,
2017-02-11,20:08,20:34,Earls Court to Marylebone,2.4,,23.7,
2017-02-10,20:15,20:23,Hammersmith to Earls Court,1.3,,26.1,The fare for this journey was capped as you reached the daily charging limit for the zones used
2017-02-10,20:15,,"Auto top-up, Hammersmith",,20,27.4,
2017-02-10,17:16,17:41,Temple to Hammersmith,2.9,,7.4,
2017-02-10,11:32,11:53,Earls Court to Temple,2.4,,10.3,
2017-02-09,20:29,20:49,Temple to Earls Court,1.6,,12.7,
2017-02-09,08:44,09:06,Earls Court to Temple,1.6,,13.3,
2017-02-07,21:35,21:54,Waterloo to Earls Court,1.6,,13.9,
2017-02-07,09:25,09:50,Earls Court to Temple,1.6,,14.5,
2017-02-06,21:36,21:59,Waterloo to Earls Court,1.6,,15.1,
2017-02-06,13:21,13:37,Earls Court to Temple,1.6,,15.7,
2017-02-05,22:55,23:51,Stratford to Earls Court,1.6,,16.3,
2017-02-05,18:27,19:31,Earls Court to East Ham,0.7,,16.9,
2017-02-03,20:43,20:52,Hammersmith to Earls Court,1,,17.6,
2017-02-03,17:21,17:47,Temple to Hammersmith,2.4,,18,
2017-02-03,13:00,13:20,Earls Court to Temple,1.6,,18.75,
2017-02-02,20:11,20:28,Temple to Earls Court,1.6,,19.35,
2017-02-02,09:04,09:25,Earls Court to Temple,1.6,,19.95,
2017-02-01,22:02,22:19,Embankment to Earls Court,1.6,,20.55,
2017-02-01,19:56,20:13,Earls Court to Embankment,1.6,,21.15,
2017-01-31,20:18,20:26,South Kensington to Earls Court,1.6,,21.75,
2017-01-31,17:50,18:05,Temple to Gloucester Road,1.6,,22.35,
2017-01-31,09:18,09:40,Earls Court to Temple,1.6,,22.95,
2017-01-30,13:17,13:34,Paddington to High Street Kensington,1.6,,23.55,
2017-01-30,12:28,12:44,Embankment to Paddington,1.6,,24.15,
2017-01-30,08:32,08:55,Earls Court to Temple,1.6,,24.75,
2017-01-29,21:46,22:10,Marylebone to Earls Court,1.6,,25.35,
2017-01-28,20:40,21:09,Earls Court to Marylebone,1.6,,25.95,
2017-01-27,20:15,20:36,Temple to Earls Court,1.6,,26.55,
2017-01-27,12:49,13:07,Earls Court to Temple,1.6,,27.15,
2017-01-26,21:58,22:13,Temple to Earls Court,1.6,,27.75,
2017-01-26,08:31,08:54,Earls Court to Temple,1.6,,28.35,
2017-01-25,16:50,17:07,Paddington to Earls Court,1.6,,28.95,
2017-01-25,16:50,,"Auto top-up, Paddington",,20,29.55,
2017-01-25,15:27,15:48,Earls Court to Paddington,1.6,,9.55,
2017-01-24,19:34,19:52,Temple to Earls Court,1.6,,10.15,
2017-01-24,08:41,09:02,Earls Court to Temple,1.6,,10.75,
2017-01-23,18:41,19:00,Temple to Earls Court,1.6,,11.35,
2017-01-23,08:26,08:50,Earls Court to Temple,1.6,,11.95,
2017-01-22,21:22,21:46,Marylebone to Earls Court,1.6,,12.55,
2017-01-21,20:07,20:23,Earls Court to Edgware Road,1.6,,13.15,
2017-01-20,17:38,17:46,Earls Court to Hammersmith,0.45,,13.75,
2017-01-19,20:21,20:39,Temple to Earls Court,1.6,,14.2,
2017-01-19,09:34,09:53,Earls Court to Temple,1.6,,14.8,
2017-01-18,20:36,20:59,Oxford Circus to Earls Court,1.6,,15.4,
2017-01-18,18:42,18:53,Chancery Lane to Oxford Circus,1.6,,16,
2017-01-18,16:16,16:35,Manor House to Holborn,1.6,,16.6,
2017-01-18,12:45,13:05,Covent Garden to Manor House,1.6,,17.2,
2017-01-18,08:33,08:55,Earls Court to Temple,1.6,,17.8,
2017-01-16,11:11,11:26,Temple to Earls Court,1.6,,18.4,
2017-01-16,08:34,09:02,Earls Court to Temple,1.6,,19,
2017-01-15,20:54,21:23,Marylebone to Earls Court,1.6,,19.6,
2017-01-14,16:21,16:38,High Street Kensington to Edgware Road,1.6,,20.2,
2017-01-13,17:37,17:50,Earls Court to Hammersmith,0.45,,20.8,
2017-01-03,16:12,16:20,Earls Court to Hammersmith,0.45,,21.25,
2017-01-01,18:37,18:45,Earls Court to Hammersmith,1,,21.7,
2016-12-31,23:20,23:47,Boston Manor to Earls Court,1,,22.1,
2016-12-31,15:42,,"Bus journey, route E8",1.5,,22.5,
2016-12-31,15:01,15:38,Earls Court to Boston Manor,1,,24,
2016-12-30,18:38,18:45,Earls Court to Hammersmith,0.45,,24.4,
2016-12-30,17:39,18:09,Marylebone to Earls Court,1.6,,24.85,
2016-12-28,11:10,11:40,Earls Court to Marylebone,1.6,,25.45,
2016-12-27,18:31,18:40,Earls Court to Hammersmith,1,,26.05,
2016-12-26,21:12,21:49,Boston Manor to Earls Court,1,,26.45,
2016-12-26,13:16,,"Bus journey, route 195",1.5,,26.85,
2016-12-26,12:38,13:09,Earls Court to Boston Manor,1,,28.35,
2016-12-23,18:39,18:52,Earls Court to Hammersmith,0.45,,28.75,
2016-12-23,17:02,17:27,Marylebone to Earls Court,1.6,,29.2,
2016-12-23,17:02,,"Auto top-up, Marylebone",,20,29.8,
2016-12-19,15:17,15:39,Earls Court to Edgware Road,1.6,,9.8,
2016-12-18,21:14,21:21,Hammersmith to Earls Court,1,,10.4,
2016-12-18,18:40,18:47,Earls Court to Hammersmith,1,,10.8,
2016-12-17,21:12,21:38,Boston Manor to Earls Court,1,,11.2,
2016-12-17,13:14,,"Bus journey, route 195",1.5,,11.6,
2016-12-17,12:45,13:12,Earls Court to Boston Manor,1,,13.1,
2016-12-16,20:20,20:31,Hammersmith to Earls Court,1,,13.5,
2016-12-16,17:25,17:54,Temple to Hammersmith,2.4,,13.9,
2016-12-16,09:35,09:54,Earls Court to Temple,1.6,,14.65,
2016-12-15,21:45,22:08,Waterloo to Earls Court,1.6,,15.25,
2016-12-15,09:35,09:56,Earls Court to Temple,1.6,,15.85,
2016-12-13,21:45,22:02,Temple to Earls Court,1.6,,16.45,
2016-12-13,08:33,08:53,Earls Court to Embankment,1.6,,17.05,
2016-12-12,23:04,23:25,Piccadilly Circus to Earls Court,1.6,,17.65,
2016-12-12,20:52,21:01,Waterloo to Leicester Square,1.6,,18.25,
2016-12-12,15:31,15:48,Earls Court to Embankment,1.6,,18.85,
2016-12-09,21:49,21:56,Hammersmith to Earls Court,1,,19.45,
2016-12-09,18:52,19:21,Temple to Hammersmith,2.4,,19.85,
2016-12-09,09:26,09:44,Earls Court to Temple,1.6,,20.6,
2016-12-08,22:13,22:31,Temple to Earls Court,1.6,,21.2,
2016-12-08,09:26,09:50,Earls Court to Temple,1.6,,21.8,
2016-12-07,21:00,21:07,Hammersmith to Earls Court,1,,22.4,
2016-12-07,17:49,18:14,Temple to Hammersmith,2.4,,22.8,
2016-12-07,10:33,10:53,Earls Court to Temple,1.6,,23.55,
2016-12-06,19:51,20:17,Mornington Crescent to Earls Court,1.6,,24.15,
2016-12-06,18:19,18:34,Embankment to Mornington Crescent,2.4,,24.75,
2016-12-06,08:21,08:38,Earls Court to Embankment,1.6,,25.5,
2016-12-05,21:40,22:08,Waterloo to Earls Court,1.6,,26.1,
2016-12-05,15:28,15:53,Earls Court to Waterloo,1.6,,26.7,
2016-12-05,14:33,14:47,Edgware Road to Earls Court,1.6,,27.3,
2016-12-04,12:15,12:28,Earls Court to Edgware Road,1.6,,27.9,
2016-12-03,21:08,21:34,Boston Manor to Earls Court,1,,28.5,
2016-12-03,21:08,,"Auto top-up, Boston Manor",,20,28.9,
2016-12-03,13:01,,"Bus journey, route 195",1.5,,8.9,
2016-12-03,12:32,12:54,Earls Court to Boston Manor,1,,10.4,
2016-12-02,21:38,21:44,Hammersmith to Earls Court,1,,10.8,
2016-12-02,18:20,18:57,Temple to Hammersmith,2.4,,11.2,
2016-12-02,09:33,09:57,Earls Court to Temple,1.6,,11.95,
2016-12-01,21:04,21:23,Waterloo to Earls Court,1.6,,12.55,
2016-12-01,09:32,09:54,Earls Court to Temple,1.6,,13.15,
2016-11-30,14:26,14:46,Temple to Earls Court,1.6,,13.75,
2016-11-30,10:35,10:54,Earls Court to Temple,1.6,,14.35,
2016-11-29,16:33,16:53,Paddington to Earls Court,1.6,,14.95,
2016-11-29,15:10,15:26,Embankment to Paddington,1.6,,15.55,
2016-11-29,08:26,08:58,Earls Court to Waterloo,1.6,,16.15,
2016-11-28,20:02,20:20,Waterloo to Earls Court,1.6,,16.75,
2016-11-28,12:53,12:58,Entered and exited Piccadilly Circus,1.6,,17.35,
2016-11-28,12:34,12:51,Earls Court to Piccadilly Circus,1.6,,17.95,
2016-11-26,23:08,23:39,Boston Manor to Earls Court,1,,18.55,
2016-11-26,15:41,,"Bus journey, route 195",1.5,,18.95,
2016-11-26,15:06,15:37,Earls Court to Boston Manor,1,,20.45,
2016-11-25,20:23,20:40,Temple to Earls Court,1.6,,20.85,
2016-11-25,09:38,09:56,Earls Court to Temple,1.6,,21.45,
2016-11-24,21:51,22:18,Waterloo to Earls Court,1.6,,22.05,
2016-11-24,09:34,09:49,Earls Court to Temple,1.6,,22.65,
2016-11-23,21:31,21:39,Hammersmith to Earls Court,1,,23.25,
2016-11-23,18:22,18:47,Temple to Hammersmith,2.4,,23.65,
2016-11-23,10:37,10:55,Earls Court to Temple,1.6,,24.4,
2016-11-22,21:13,21:33,Temple to Earls Court,1.6,,25,
2016-11-22,08:27,08:49,Earls Court to Waterloo,1.6,,25.6,
2016-11-21,21:05,21:24,Waterloo to Earls Court,1.6,,26.2,
2016-11-21,13:51,14:05,Earls Court to Temple,1.6,,26.8,
2016-11-20,21:40,21:47,Hammersmith to Earls Court,1,,27.4,
2016-11-20,17:21,18:04,Marylebone to Earls Court,1.6,,27.8,
2016-11-19,16:10,16:34,Bethnal Green to Marylebone,1.6,,28.4,
2016-11-19,09:46,10:22,Earls Court to Bethnal Green,1.6,,29,
2016-11-19,09:46,,"Auto top-up, Earls Court",,20,29.6,
2016-11-18,20:49,21:01,Hammersmith to Earls Court,1,,9.6,
2016-11-18,17:24,17:49,Temple to Hammersmith,2.4,,10,
2016-11-18,09:33,09:57,Earls Court to Temple,1.6,,10.75,
2016-11-17,20:25,20:45,Temple to Earls Court,1.6,,11.35,
2016-11-17,09:38,09:54,Earls Court to Temple,1.6,,11.95,
2016-11-16,20:41,21:01,Temple to Earls Court,1.6,,12.55,
2016-11-16,10:34,10:56,Earls Court to Temple,1.6,,13.15,
2016-11-15,21:29,21:47,Temple to Earls Court,1.6,,13.75,
2016-11-15,08:27,08:53,Earls Court to Waterloo,1.6,,14.35,
2016-11-14,21:52,22:15,Waterloo to Earls Court,1.6,,14.95,
2016-11-14,15:25,15:46,Earls Court to Waterloo,1.6,,15.55,
2016-11-11,20:25,20:34,Hammersmith to Earls Court,1,,16.15,
2016-11-11,17:29,17:55,Temple to Hammersmith,2.4,,16.55,
2016-11-11,09:32,09:52,Earls Court to Temple,1.6,,17.3,
2016-11-10,21:55,22:14,Waterloo to Earls Court,1.6,,17.9,
2016-11-10,09:33,09:58,Earls Court to Temple,1.6,,18.5,
2016-11-09,21:35,21:54,Temple to Earls Court,1.6,,19.1,
2016-11-09,10:33,10:54,Earls Court to Temple,1.6,,19.7,
2016-11-08,21:38,21:55,Temple to Earls Court,1.6,,20.3,
2016-11-08,08:27,08:58,Earls Court to Waterloo,1.6,,20.9,
2016-11-07,21:05,21:30,Monument to Earls Court,1.6,,21.5,
2016-11-07,18:11,18:19,Waterloo to London Bridge,1.6,,22.1,
2016-11-07,11:43,12:04,Earls Court to Blackfriars,1.6,,22.7,
2016-11-06,19:06,19:30,Boston Manor to Earls Court,1,,23.3,
2016-11-06,18:56,,"Bus journey, route 195",1.5,,23.7,
2016-11-06,13:34,,"Bus journey, route 195",1.5,,25.2,
2016-11-06,13:12,13:34,Earls Court to Boston Manor,1,,26.7,
2016-11-06,11:41,12:08,Marylebone to Earls Court,1.6,,27.1,
2016-11-05,17:12,17:30,Earls Court to Edgware Road,1.6,,27.7,
2016-11-04,20:55,21:18,Oxford Circus to Earls Court,1.6,,28.3,
2016-11-04,18:28,18:43,Shepherd's Bush to Oxford Circus,1.6,,28.9,
2016-11-04,14:47,14:57,Earls Court to Hammersmith,1,,29.5,
2016-11-04,14:47,,"Auto top-up, Earls Court",,20,29.9,
2016-11-03,21:43,22:07,Waterloo to Earls Court,1.6,,9.9,
2016-11-03,14:22,14:42,Earls Court to Waterloo,1.6,,10.5,
2016-11-01,14:09,14:27,Ealing Common to Earls Court,1,,11.1,
2016-11-01,13:47,,"Bus journey, route 427",1.5,,11.5,
2016-11-01,09:36,,"Bus journey, route 195",1.5,,13,
2016-11-01,09:14,09:36,Earls Court to Boston Manor,1.6,,14.5,
2016-10-31,20:39,20:48,Hammersmith to Earls Court,1,,15.1,
2016-10-31,17:35,17:43,Earls Court to Hammersmith,0.45,,15.5,
2016-10-28,21:51,22:07,Hammersmith to Earls Court,1,,15.95,
2016-10-28,18:20,18:53,Temple to Hammersmith,2.4,,16.35,
2016-10-28,09:30,09:52,Earls Court to Temple,1.6,,17.1,
2016-10-27,21:31,21:48,Temple to Earls Court,1.6,,17.7,
2016-10-27,09:29,09:49,Earls Court to Temple,1.6,,18.3,
2016-10-26,21:04,21:28,Monument to Earls Court,1.6,,18.9,
2016-10-26,17:53,18:10,Temple to Monument,1.6,,19.5,
2016-10-26,10:17,10:34,Earls Court to Temple,1.6,,20.1,
2016-10-25,21:14,21:41,Temple to Earls Court,1.6,,20.7,
2016-10-25,08:28,08:54,Earls Court to Waterloo,1.6,,21.3,
2016-10-24,17:09,17:31,Waterloo to Earls Court,1.6,,21.9,
2016-10-24,14:04,14:25,Earls Court to Temple,1.6,,22.5,
2016-10-21,21:25,21:36,Hammersmith to Earls Court,1,,23.1,
2016-10-21,17:28,18:00,Temple to Hammersmith,2.4,,23.5,
2016-10-21,09:31,09:50,Earls Court to Temple,1.6,,24.25,
2016-10-20,23:22,,"Bus journey, route 328",1.5,,24.85,
2016-10-20,21:30,22:03,Mornington Crescent to Royal Oak,1.6,,26.35,
2016-10-20,18:26,18:43,Waterloo to Mornington Crescent,2.4,,26.95,
2016-10-20,09:26,09:49,Earls Court to Temple,1.6,,27.7,
2016-10-19,08:04,08:17,Earls Court to South Kensington,1.6,,28.3,
2016-10-18,21:07,21:25,Temple to Earls Court,1.6,,28.9,
2016-10-18,21:07,,"Auto top-up, Temple",,20,29.5,
2016-10-18,08:29,08:54,Earls Court to Waterloo,1.6,,9.5,
2016-10-17,21:50,22:10,Waterloo to Earls Court,1.6,,10.1,
2016-10-17,15:27,15:51,Earls Court to Waterloo,1.6,,10.7,
2016-10-17,13:34,14:05,Marylebone to Earls Court,1.6,,11.3,
2016-10-16,17:15,17:32,Earls Court to Edgware Road,1.6,,11.9,
2016-10-16,15:37,15:47,South Kensington to Earls Court,1.6,,12.5,
2016-10-15,15:36,15:42,South Kensington to Earls Court,1.6,,13.1,
2016-10-14,20:54,21:03,Hammersmith to Earls Court,1,,13.7,
2016-10-14,17:34,18:00,Temple to Hammersmith,2.4,,14.1,
2016-10-14,09:34,09:53,Earls Court to Temple,1.6,,14.85,
2016-10-13,21:39,21:59,Waterloo to Earls Court,1.6,,15.45,
2016-10-13,09:33,09:54,Earls Court to Temple,1.6,,16.05,
2016-10-12,16:19,16:47,Elephant & Castle to Earls Court,1.6,,16.65,
2016-10-12,10:22,10:47,Earls Court to Temple,1.6,,17.25,
2016-10-11,21:13,21:51,Moorgate to Earls Court,1.6,,17.85,
2016-10-11,18:38,18:56,Temple to Moorgate,1.6,,18.45,
2016-10-11,08:30,08:51,Earls Court to Waterloo,1.6,,19.05,
2016-10-10,21:29,21:50,Waterloo to Earls Court,1.6,,19.65,
2016-10-10,15:29,15:53,Earls Court to Waterloo,1.6,,20.25,
2016-10-10,13:57,14:17,Edgware Road to Earls Court,1.6,,20.85,
2016-10-08,13:46,14:02,Earls Court to Edgware Road,1.6,,21.45,
2016-10-07,17:16,17:46,Temple to Hammersmith,2.4,,22.05,
2016-10-07,09:36,09:56,Earls Court to Temple,1.6,,22.8,
2016-10-06,21:50,22:11,Waterloo to Earls Court,1.6,,23.4,
2016-10-06,09:36,09:55,Earls Court to Temple,1.6,,24,
2016-10-05,16:19,16:44,Elephant & Castle to Earls Court,1.6,,24.6,
2016-10-05,10:30,10:50,Earls Court to Temple,1.6,,25.2,
2016-10-04,22:22,23:03,Stepney Green to Earls Court,1.6,,25.8,
2016-10-04,19:56,20:21,North Greenwich to Stepney Green,1,,26.4,
2016-10-04,17:21,17:37,Waterloo to North Greenwich,2.4,,26.8,
2016-10-04,17:15,,"Bus journey, route 1",1.5,,27.55,
2016-10-04,08:30,08:48,Earls Court to Embankment,1.6,,29.05,
2016-10-04,08:30,,"Auto top-up, Earls Court",,20,29.65,
2016-10-03,22:07,22:26,Temple to Earls Court,1.6,,9.65,
2016-10-03,13:30,13:54,Earls Court to Temple,1.6,,10.25,
2016-10-03,12:22,12:46,Marylebone to Earls Court,1.6,,10.85,
2016-10-02,16:44,17:09,Earls Court to Edgware Road,1.6,,11.45,
2016-10-01,15:42,,"Bus journey, route E8",1.5,,12.05,
2016-10-01,15:19,15:40,Earls Court to Boston Manor,1,,13.55,
2016-09-30,20:06,,"Bus journey, route 207",1.5,,13.95,
2016-09-30,17:14,17:42,Temple to Hammersmith,2.4,,15.45,
2016-09-30,09:34,09:50,Earls Court to Temple,1.6,,16.2,
2016-09-29,21:21,21:40,Temple to Earls Court,1.6,,16.8,
2016-09-29,09:35,09:53,Earls Court to Temple,1.6,,17.4,
2016-09-28,21:36,21:52,Piccadilly Circus to Earls Court,1.6,,18,
2016-09-28,19:21,19:37,Earls Court to Piccadilly Circus,1.6,,18.6,
2016-09-28,16:52,17:16,Temple to Earls Court,1.6,,19.2,
2016-09-28,08:34,08:56,Earls Court to Temple,1.6,,19.8,
2016-09-27,20:50,21:17,Old Street to Earls Court,1.6,,20.4,
2016-09-27,17:12,17:45,Earls Court to Old Street,1.6,,21,
2016-09-27,10:57,11:45,Waterloo to Earls Court,1.6,,21.6,
2016-09-27,08:29,08:50,Earls Court to Waterloo,1.6,,22.2,
2016-09-26,21:47,22:03,Temple to Earls Court,1.6,,22.8,
2016-09-26,15:25,15:53,Earls Court to Waterloo,1.6,,23.4,
2016-09-26,14:26,14:46,Marylebone to Earls Court,1.6,,24,
2016-09-25,15:18,15:50,Earls Court to Marylebone,1.6,,24.6,
2016-09-24,15:37,,"Bus journey, route 195",1.5,,25.2,
2016-09-24,14:53,15:32,Waterloo to Boston Manor,0.7,,26.7,
2016-09-24,12:54,13:32,Earls Court to Waterloo,1.6,,27.4,
2016-09-23,20:41,20:50,Hammersmith to Earls Court,1,,28,
2016-09-23,17:43,18:05,Chancery Lane to Shepherd's Bush,2.4,,28.4,
2016-09-23,12:31,13:04,Earls Court to Barbican,1.6,,29.15,
2016-09-23,12:31,,"Auto top-up, Earls Court",,20,29.75,
2016-09-22,22:55,23:14,Temple to Earls Court,1.6,,9.75,
2016-09-22,16:39,16:57,Earls Court to Temple,1.6,,10.35,
2016-09-21,20:42,,"Bus journey, route E8",1.5,,10.95,
2016-09-21,20:18,20:41,Earls Court to Boston Manor,1,,12.45,
2016-09-21,19:13,19:33,Temple to Earls Court,1.6,,12.85,
2016-09-21,09:31,09:54,Earls Court to Temple,1.6,,13.45,
2016-09-21,09:31,,"Topped-up on touch in, Earls Court",,10,14.05,
2016-09-20,21:31,21:50,Temple to Earls Court,1.6,,4.05,
2016-09-20,09:31,09:49,Earls Court to Temple,1.6,,4.65,
2016-09-19,16:14,16:31,Temple to Earls Court,1.6,,5.25,
2016-09-19,16:13,,"Topped up, Temple",,5,5.85,
2016-09-19,09:34,09:54,Earls Court to Temple,1.6,,0.85,
2016-09-09,20:36,20:52,Goldhawk Road to Edgware Road,1.6,,1.45,
2016-09-09,17:26,17:52,Edgware Road to Goldhawk Road,2.4,,2.05,
2016-09-02,20:09,20:29,Goldhawk Road to Edgware Road,1.6,,2.8,
2016-09-02,17:27,17:51,Edgware Road to Goldhawk Road,2.4,,3.4,
2016-08-24,16:58,17:21,Shepherd's Bush to Greenford,1.6,,4.15,
2016-08-24,12:53,13:27,West Ruislip to Shepherd's Bush,1,,4.75,
2016-08-19,20:05,20:23,Goldhawk Road to Edgware Road,1.6,,5.15,
2016-08-19,17:25,17:42,Edgware Road to Goldhawk Road,2.4,,5.75,
2016-08-09,21:43,22:26,London Bridge to Newbury Park,0.7,,6.5,
2016-08-09,18:18,18:28,Shadwell DLR to Bank,1.6,,7.2,
2016-08-09,13:43,14:03,Westminster to Whitechapel,1.6,,7.8,
2016-08-09,10:07,10:58,Newbury Park to Hyde Park Corner,0.7,,8.4,
2016-08-09,10:06,,"Topped up, Newbury Park",,5,9.1,
2016-08-08,21:55,22:24,Whitechapel to Newbury Park,1,,4.1,
2016-08-08,20:48,,"Bus journey, route 25",1.5,,4.5,
2016-08-08,20:14,20:42,Hyde Park Corner to Mile End,1.6,,6,
2016-08-08,16:07,16:37,Tower Hill to South Kensington,1.6,,6.6,
2016-08-08,11:46,11:55,Canary Wharf to London Bridge,1.6,,7.2,
2016-08-08,10:38,11:14,Newbury Park to Canary Wharf,1,,7.8,
2016-07-21,17:09,,"Bus journey, route 46",1.5,,8.2,
2016-07-21,16:53,17:04,Shepherd's Bush to Lancaster Gate,1.6,,9.7,
2016-07-21,15:59,16:31,West Ruislip to Shepherd's Bush,1,,10.3,
2016-07-21,15:37,,"Topped up, Uxbridge",,5,10.7,
2016-07-15,19:30,19:46,Goldhawk Road to Edgware Road,1.6,,5.7,
2016-07-15,17:46,18:10,Edgware Road to Goldhawk Road,2.4,,6.3,
2016-07-13,19:56,20:23,Greenford to West Ruislip,1,,7.05,
2016-07-13,19:42,,"Bus journey, route 92",1.5,,7.45,
2016-07-13,14:42,,"Bus journey, route 427",1.5,,8.95,
2016-07-13,14:35,,"Topped up, Uxbridge",,10,10.45,
2016-07-08,20:42,21:06,Goldhawk Road to Baker Street,1.6,,0.45,
2016-07-08,17:54,18:26,Farringdon to Goldhawk Road,2.4,,1.05,
2016-07-08,15:38,15:50,Baker Street to Farringdon,1.6,,1.8,
2016-07-05,21:48,,"Bus journey, route H17",1.5,,2.4,
2016-07-05,21:12,,"Bus journey, route 92",1.5,,3.9,
2016-07-05,16:33,,"Bus journey, route 92",1.5,,5.4,
2016-07-05,16:29,,"Topped up, Greenford",,5,6.9,
2016-07-05,16:18,16:29,South Ruislip to Greenford,0.45,,1.9,
2016-07-01,20:05,20:26,Goldhawk Road to Baker Street,1.6,,2.35,
2016-07-01,17:25,17:49,Baker Street to Goldhawk Road,2.4,,2.95,
2016-06-27,19:56,20:09,Greenford to West Ruislip,1,,3.7,
2016-06-27,19:43,,"Bus journey, route 92",1.5,,4.1,The fare for this journey was capped as you reached the daily charging limit for the zones used
2016-06-27,16:40,,"Bus journey, route 92",1.5,,5.6,
2016-06-27,16:30,,"Topped up, Greenford",,5,7.1,
2016-06-27,16:21,16:30,South Ruislip to Greenford,0.45,,2.1,The fare for this journey was capped as you reached the daily charging limit for the zones used
2016-06-24,17:31,17:53,Baker Street to Goldhawk Road,2.4,,2.55,
2016-06-17,20:07,20:25,Goldhawk Road to Baker Street,1.6,,3.3,The fare for this journey was capped as you reached the daily charging limit for the zones used
2016-06-17,17:25,17:44,Baker Street to Goldhawk Road,2.4,,3.9,
2016-06-15,19:09,19:43,West Kensington to Marylebone,1.6,,4.65,
2016-06-15,19:09,,"Topped up, West Kensington",,5,5.25,
2016-06-15,16:32,17:27,Prince Regent DLR to West Kensington,0.85,,0.25,
2016-06-15,09:24,10:08,West Kensington to Prince Regent DLR,0.85,,1.1,
2016-06-14,00:40,00:49,Shepherd's Bush Market to Hammersmith,1,,1.95,
2016-06-14,22:42,22:48,Hammersmith to Shepherd's Bush Market,1,,2.35,
2016-06-14,16:43,17:02,Baker Street to Goldhawk Road,2.4,,2.75,
2016-06-10,16:33,17:06,Edgware Road to Hammersmith,2.4,,3.5,
2016-05-26,22:08,22:17,South Kensington to West Kensington,1.6,,4.25,
2016-05-26,15:49,16:05,Covent Garden to South Kensington,1.6,,4.85,
2016-05-26,15:48,,"Topped up, Covent Garden",,5,5.45,
2016-05-26,14:26,14:50,West Kensington to Covent Garden,1.6,,0.45,
2016-05-25,22:39,,"Bus journey, route 28",1.5,,1.05,
2016-05-25,17:05,17:12,Gloucester Road to West Kensington,1.6,,2.55,
2016-05-25,13:22,13:29,West Kensington to South Kensington,1.6,,3.15,
2016-05-24,00:06,00:23,Gloucester Road to West Kensington,1.6,,3.75,
2016-05-24,16:13,16:21,West Kensington to South Kensington,1.6,,4.35,
2016-05-23,23:19,23:26,Gloucester Road to West Kensington,1.6,,4.95,
2016-05-23,23:19,,"Topped up, Gloucester Road",,5,5.55,
2016-05-23,13:23,13:34,West Kensington to South Kensington,1.6,,0.55,
2016-05-20,13:54,14:06,South Kensington to West Kensington,1.6,,1.15,
2016-05-20,09:22,09:34,West Kensington to South Kensington,1.6,,1.75,
2016-05-18,23:54,00:00,Gloucester Road to West Kensington,1.6,,2.35,
2016-05-18,15:56,16:05,West Kensington to Gloucester Road,1.6,,2.95,
2016-05-17,23:05,23:15,Gloucester Road to West Kensington,1.6,,3.55,
2016-05-17,13:22,13:36,West Kensington to South Kensington,1.6,,4.15,
2016-05-16,16:22,16:29,South Kensington to West Kensington,1.6,,4.75,
2016-05-16,16:21,,"Topped up, South Kensington",,5,5.35,
2016-05-16,13:23,13:34,West Kensington to South Kensington,1.6,,0.35,
2016-05-13,15:20,15:28,Gloucester Road to West Kensington,1.6,,0.95,
2016-05-13,12:49,12:57,West Kensington to Gloucester Road,1.6,,1.55,
2016-05-11,21:16,21:25,Gloucester Road to West Kensington,1.6,,2.15,
2016-05-11,14:51,14:57,West Kensington to Gloucester Road,1.6,,2.75,
2016-05-10,22:39,22:47,Gloucester Road to West Kensington,1.6,,3.35,
2016-05-10,14:05,14:13,West Kensington to South Kensington,1.6,,3.95,
2016-05-09,16:08,16:17,West Kensington to South Kensington,1.6,,4.55,
2016-05-09,16:07,,"Topped up, West Kensington",,5,5.15,
2016-05-08,22:21,22:54,Marylebone to West Kensington,1.6,,0.15,
2016-05-08,15:11,15:47,West Kensington to Marylebone,1.6,,2.4,
2016-05-06,17:36,17:54,Gloucester Road to Barons Court,1.6,,1.35,
2016-05-06,09:40,09:49,West Kensington to Gloucester Road,1.6,,1.95,
2016-04-30,22:22,22:30,South Kensington to West Kensington,1.6,,0.55,
2016-04-30,20:06,20:18,West Kensington to South Kensington,1.6,,1.15,
2016-04-29,10:47,10:57,West Kensington to Gloucester Road,1.6,,1.75,
2016-04-28,22:08,22:18,South Kensington to West Kensington,1.6,,2.35,
2016-04-28,13:46,13:53,West Kensington to Gloucester Road,1.6,,2.95,
2016-04-27,22:02,22:13,South Kensington to West Kensington,1.6,,3.55,
2016-04-27,20:37,20:45,West Kensington to South Kensington,1.6,,4.15,
2016-04-26,22:06,22:13,South Kensington to West Kensington,1.6,,4.75,
2016-04-26,21:00,21:09,West Kensington to South Kensington,1.6,,5.35,
2016-04-25,18:16,,"Topped up, West Kensington",,5,5.95,
2016-04-25,18:05,18:16,South Kensington to West Kensington,1.6,,0.95,
2016-04-25,13:48,14:00,West Kensington to South Kensington,1.6,,1.55,
2016-04-24,20:50,21:23,Marylebone to West Kensington,1.6,,2.15,
2016-04-24,14:40,15:14,West Kensington to Marylebone,1.6,,2.75,
2016-04-23,18:56,19:09,Gloucester Road to West Kensington,1.6,,3.35,
2016-04-23,10:38,10:49,West Kensington to South Kensington,1.6,,3.95,
2016-04-22,20:37,20:43,Hammersmith to West Kensington,1,,4.55,
2016-04-12,22:05,22:17,South Kensington to West Kensington,1.6,,4.1,
2016-04-12,20:13,20:26,West Kensington to South Kensington,1.6,,4.7,
2016-04-11,21:41,21:51,South Kensington to West Kensington,1.6,,5.3,
2016-04-11,21:39,,"Topped up, South Kensington",,5,5.9,
2016-04-11,11:29,11:44,West Kensington to South Kensington,1.6,,0.9,
2016-04-09,20:51,21:05,South Kensington to West Kensington,1.6,,1.5,
2016-04-09,18:16,18:24,West Kensington to South Kensington,1.6,,2.1,
2016-04-08,22:12,22:21,South Kensington to West Kensington,1.6,,2.7,
2016-04-08,20:10,20:22,West Kensington to South Kensington,1.6,,3.3,
2016-04-08,15:33,15:43,South Kensington to West Kensington,1.6,,3.9,
2016-04-08,13:03,13:14,West Kensington to South Kensington,1.6,,4.5,
2016-04-08,13:02,,"Topped up, West Kensington",,5,5.1,
2016-04-06,22:04,22:12,South Kensington to West Kensington,1.6,,0.1,
2016-04-06,20:06,20:14,West Kensington to South Kensington,1.6,,0.7,
2016-04-05,21:47,21:56,South Kensington to West Kensington,1.6,,1.3,
2016-04-05,20:09,20:20,West Kensington to South Kensington,1.6,,1.9,
2016-04-04,21:04,21:12,South Kensington to West Kensington,1.6,,2.5,
2016-04-04,19:07,19:20,West Kensington to South Kensington,1.6,,3.1,
2016-03-26,13:30,13:42,South Kensington to West Kensington,1.6,,3.7,
2016-03-26,11:50,12:08,West Kensington to South Kensington,1.6,,4.3,
2016-03-23,22:56,23:42,Wandsworth Road to Kensington Olympia,1,,4.9,
2016-03-23,23:00,,"Topped up,",,5,5.3,
2016-03-23,21:02,,"Bus journey, route 452",1.5,,0.3,
2016-03-23,12:57,13:08,West Kensington to South Kensington,1.6,,1.8,
2016-03-22,21:01,21:12,South Kensington to West Kensington,1.6,,2.4,
2016-03-21,20:59,21:05,Gloucester Road to West Kensington,1.6,,3,
2016-03-20,21:50,22:22,Marylebone to West Kensington,1.6,,3.6,
2016-03-20,11:29,11:55,West Kensington to Marylebone,1.6,,4.2,
2016-03-19,16:09,16:22,South Kensington to West Kensington,1.6,,4.8,
2016-03-19,14:49,15:00,West Kensington to South Kensington,1.6,,5.4,
2016-03-19,14:48,,"Topped up, West Kensington",,5,6,
2016-03-13,22:20,22:53,Marylebone to West Kensington,1.6,,1,
2016-03-13,09:31,09:55,West Kensington to Marylebone,1.6,,1.6,
2016-03-11,23:24,,"Bus journey, route 27",1.5,,2.2,
2016-03-11,21:31,,"Bus journey, route 27",1.5,,3.7,
2016-03-11,17:36,17:48,South Kensington to Hammersmith,2.4,,5.2,
2016-03-06,20:18,20:44,Marylebone to West Kensington,1.6,,5.95,
2016-03-06,11:25,11:51,West Kensington to Marylebone,1.6,,6.55,
2016-03-04,17:41,17:56,Gloucester Road to Hammersmith,1.6,,7.15,
2016-03-02,11:51,12:00,South Kensington to West Kensington,1.6,,7.75,
2016-02-28,22:20,22:54,Marylebone to West Kensington,2.4,,8.35,
2016-02-28,22:19,,"Topped up, Marylebone",,10,10.75,
2016-02-28,11:17,11:43,West Kensington to Marylebone,2.4,,2.4,
2016-02-26,17:31,17:43,South Kensington to Hammersmith,2.9,,3.15,
2016-02-23,14:51,15:17,Mansion House to West Kensington,2.4,,6.05,
2016-02-23,11:42,12:10,West Kensington to Mansion House,2.4,,8.45,
2016-02-23,11:41,,"Topped up, West Kensington",,10,10.85,
2016-02-21,22:17,22:49,Aldgate East to West Kensington,2.4,,0.85,
2016-02-21,11:56,12:59,West Kensington to Whitechapel,2.4,,3.25,
2016-02-20,21:39,22:03,Marylebone to West Kensington,2.4,,5.65,
2016-02-20,09:10,09:47,West Kensington to Marylebone,2.4,,8.05,
2016-02-20,09:10,,"Topped up, West Kensington",,10,10.45,
2016-02-19,17:45,18:01,South Kensington to Hammersmith,2.9,,0.45,
2016-02-14,21:23,21:52,Marylebone to West Kensington,2.4,,3.35,
2016-02-14,11:21,11:48,West Kensington to Marylebone,2.4,,5.75,
2016-02-12,17:34,17:52,South Kensington to Hammersmith,2.9,,8.15,
2016-02-12,17:33,,"Topped up, South Kensington",,10,11.05,
2016-02-07,21:18,21:44,Marylebone to West Kensington,1.6,,1.05,
2016-02-07,09:11,09:45,West Kensington to Marylebone,1.6,,2.65,
2016-02-05,17:28,17:42,South Kensington to Hammersmith,2.9,,4.25,
2016-02-04,14:11,14:39,Moorgate to South Kensington,1.6,,7.15,
2016-02-04,09:37,10:07,West Kensington to Mansion House,1.6,,8.75,
2016-01-31,21:46,22:08,Marylebone to West Kensington,1.6,,10.35,
2016-01-31,12:59,,"Topped up,",,10,11.95,
2016-01-31,12:23,12:56,West Kensington to Marylebone,1.6,,1.95,
2016-01-29,17:25,17:38,South Kensington to Hammersmith,2.9,,3.55,
2016-01-26,23:25,23:55,Aldgate East to West Kensington,1.6,,6.45,
2016-01-26,20:28,20:54,South Kensington to Whitechapel,1.6,,8.05,
2016-01-24,21:17,21:43,Marylebone to West Kensington,1.6,,9.65,
2016-01-24,11:34,,"Topped up,",,10,11.25,
2016-01-24,11:09,11:32,West Kensington to Marylebone,1.6,,1.25,
2016-01-23,17:52,18:18,Holborn to Barons Court,1.6,,2.85,
2016-01-23,11:57,12:20,Barons Court to Holborn,1.6,,4.45,
2016-01-22,17:29,17:52,South Kensington to Hammersmith,2.9,,6.05,
2016-01-20,17:41,18:08,Kings Cross to Barons Court,2.9,,8.95,
2016-01-20,17:40,,"Topped up, Kings Cross",,10,11.85,
2016-01-20,09:08,09:41,West Kensington to Kings Cross,2.9,,1.85,
2016-01-16,18:20,18:48,Marylebone to West Kensington,1.6,,4.75,
2016-01-15,20:05,20:33,Goldhawk Road to Marylebone,1.4,,6.35,
2016-01-15,17:23,17:38,South Kensington to Hammersmith,2.9,,7.75,
2016-01-15,17:22,,"Topped up, South Kensington",,10,10.65,
2016-01-12,18:50,19:12,Covent Garden to West Kensington,1.9,,0.65,
2016-01-12,17:36,17:53,South Kensington to Covent Garden,2.4,,2.55,
2016-01-01,20:59,21:21,Goldhawk Road to Marylebone,1.25,,4.95,
2016-01-01,20:58,,"Topped up, Goldhawk Road",,5,6.2,
2016-01-01,17:32,18:14,Aldgate East to Goldhawk Road,1.5,,1.2,
2016-01-01,11:24,11:58,West Kensington to Aldgate East,1.5,,2.7,
2015-12-30,15:22,16:02,Marylebone to Hammersmith,1.5,,4.2,
2015-12-19,17:31,17:47,South Kensington to Hammersmith,1.5,,5.7,
2015-12-19,17:30,,"Topped up, South Kensington",,5,7.2,
2015-12-18,01:11,,"Bus journey, route N97",1.5,,2.2,
2015-12-18,19:16,19:41,Barons Court to Holborn,1.5,,3.7,
2015-12-14,17:53,18:06,South Kensington to West Kensington,2.3,,5.2,